﻿<?xml version="1.0" encoding="utf-8"?>
<!--DO NOT EDIT. This document is generated by PSoC Creator design builds.-->
<PSoCCreatorIdeExport Version="1">
  <Device Part="CY8C5888LTI-LP097" Processor="CortexM3" DeviceID="2E161069" />
  <Toolchains>
    <Toolchain Name="ARM GCC Generic" Selected="True">
      <Tool Name="prebuild" Command="" Options="" />
      <Tool Name="assembler" Command="arm-none-eabi-as.exe" Options="-mcpu=cortex-m3 -mthumb -I. -IGenerated_Source\PSoC5 -alh=${OutputDir}/${CompileFile}.lst -g" />
      <Tool Name="compiler" Command="arm-none-eabi-gcc.exe" Options="-mcpu=cortex-m3 -mthumb -I. -IGenerated_Source\PSoC5 -Wa,-alh=${OutputDir}/${CompileFile}.lst -g -Wall -ffunction-sections -ffat-lto-objects -O0" />
      <Tool Name="linker" Command="arm-none-eabi-gcc.exe" Options="-mcpu=cortex-m3 -mthumb -l m -L Generated_Source\PSoC5 -Wl,-Map,${OutputDir}/${ProjectShortName}.map -T Generated_Source\PSoC5\cm3gcc.ld -specs=nano.specs -Wl,--gc-sections -u_printf_float -g -ffunction-sections -O0 -ffat-lto-objects" />
      <Tool Name="postbuild" Command="" Options="" />
    </Toolchain>
    <Toolchain Name="ARM MDK Generic" Selected="False">
      <Tool Name="prebuild" Command="" Options="" />
      <Tool Name="assembler" Command="armasm.exe" Options="--cpu=Cortex-M3 --diag_style=gnu --thumb -i. -iGenerated_Source\PSoC5 -g --list=${OutputDir}/${CompileFile}.lst &quot;--predefine=__MICROLIB SETA 1&quot;" />
      <Tool Name="compiler" Command="armcc.exe" Options="--cpu=Cortex-M3 --C99 --diag_style=gnu -I. -IGenerated_Source\PSoC5 --list --signed_chars -g -D DEBUG -O0 --split_sections -D__MICROLIB" />
      <Tool Name="linker" Command="armlink.exe" Options="--cpu=Cortex-M3 --diag_style=gnu --no_startup --library_type=microlib --map --list ${OutputDir}/${ProjectShortName}.map --scatter Generated_Source\PSoC5\Cm3RealView.scat" />
      <Tool Name="postbuild" Command="" Options="" />
    </Toolchain>
    <Toolchain Name="ARM IAR Generic" Selected="False">
      <Tool Name="prebuild" Command="" Options="" />
      <Tool Name="assembler" Command="iasmarm.exe" Options="--cpu Cortex-M3 -I. -IGenerated_Source\PSoC5 -s+ -M&lt;&gt; -w+ -r -DDEBUG --fpu None" />
      <Tool Name="compiler" Command="iccarm.exe" Options="--cpu Cortex-M3 -I. -IGenerated_Source\PSoC5 -D DEBUG -D CY_CORE_ID=0 -I. -IGenerated_Source\PSoC5 -D DEBUG --no_cse --no_unroll --no_inline --no_code_motion --no_tbaa --no_clustering --no_scheduling --debug --endian=little -e --fpu=None -On --no_wrap_diagnostics" />
      <Tool Name="linker" Command="ilinkarm.exe" Options="--semihosting --entry __iar_program_start --config Generated_Source\PSoC5\Cm3Iar.icf" />
      <Tool Name="postbuild" Command="" Options="" />
    </Toolchain>
  </Toolchains>
  <Project Name="CE210514_PSOC3_5_Thermistor" Path="C:\Users\JeffSnyder\Documents\PSOC5_electrobass_stringsensors\CE210514_PSOC3_5_Thermistor.cydsn" Version="5.70" Type="Normal">
    <CMSIS_SVD_File>CE210514_PSOC3_5_Thermistor.svd</CMSIS_SVD_File>
    <Datasheet />
    <LinkerFiles>
      <LinkerFile Toolchain="ARM GCC Generic">.\Generated_Source\PSoC5\cm3gcc.ld</LinkerFile>
      <LinkerFile Toolchain="ARM MDK Generic">.\Generated_Source\PSoC5\Cm3RealView.scat</LinkerFile>
      <LinkerFile Toolchain="ARM IAR Generic">.\Generated_Source\PSoC5\Cm3Iar.icf</LinkerFile>
    </LinkerFiles>
    <Folders>
      <Folder BuildType="STRICT" Path="C:\Users\JeffSnyder\Documents\PSOC5_electrobass_stringsensors\CE210514_PSOC3_5_Thermistor.cydsn">
        <Files Root="C:\Users\JeffSnyder\Documents\PSOC5_electrobass_stringsensors\CE210514_PSOC3_5_Thermistor.cydsn">
          <File BuildType="BUILD" Toolchain="">main.c</File>
          <File BuildType="BUILD" Toolchain="">midi.c</File>
          <File BuildType="BUILD" Toolchain="">device.h</File>
          <File BuildType="BUILD" Toolchain="">custom_fonts.h</File>
          <File BuildType="BUILD" Toolchain="">main.h</File>
          <File BuildType="BUILD" Toolchain="">midi.h</File>
        </Files>
      </Folder>
      <Folder BuildType="STRICT" Path="C:\Users\JeffSnyder\Documents\PSOC5_electrobass_stringsensors\CE210514_PSOC3_5_Thermistor.cydsn\Generated_Source\PSoC5">
        <Files Root="C:\Users\JeffSnyder\Documents\PSOC5_electrobass_stringsensors\CE210514_PSOC3_5_Thermistor.cydsn">
          <File BuildType="BUILD" Toolchain="">Generated_Source\PSoC5\cyfitter_cfg.h</File>
          <File BuildType="BUILD" Toolchain="">Generated_Source\PSoC5\cyfitter_cfg.c</File>
          <File BuildType="BUILD" Toolchain="">Generated_Source\PSoC5\cymetadata.c</File>
          <File BuildType="BUILD" Toolchain="">Generated_Source\PSoC5\cydevice.h</File>
          <File BuildType="BUILD" Toolchain="">Generated_Source\PSoC5\cydevicegnu.inc</File>
          <File BuildType="BUILD" Toolchain="">Generated_Source\PSoC5\cydevicerv.inc</File>
          <File BuildType="BUILD" Toolchain="">Generated_Source\PSoC5\cydeviceiar.inc</File>
          <File BuildType="BUILD" Toolchain="">Generated_Source\PSoC5\cydevice_trm.h</File>
          <File BuildType="BUILD" Toolchain="">Generated_Source\PSoC5\cydevicegnu_trm.inc</File>
          <File BuildType="BUILD" Toolchain="">Generated_Source\PSoC5\cydevicerv_trm.inc</File>
          <File BuildType="BUILD" Toolchain="">Generated_Source\PSoC5\cydeviceiar_trm.inc</File>
          <File BuildType="BUILD" Toolchain="">Generated_Source\PSoC5\cyfittergnu.inc</File>
          <File BuildType="BUILD" Toolchain="">Generated_Source\PSoC5\cyfitterrv.inc</File>
          <File BuildType="BUILD" Toolchain="">Generated_Source\PSoC5\cyfitteriar.inc</File>
          <File BuildType="BUILD" Toolchain="">Generated_Source\PSoC5\cyfitter.h</File>
          <File BuildType="BUILD" Toolchain="">Generated_Source\PSoC5\cydisabledsheets.h</File>
          <File BuildType="BUILD" Toolchain="">Generated_Source\PSoC5\CapSense.c</File>
          <File BuildType="BUILD" Toolchain="">Generated_Source\PSoC5\CapSense.h</File>
          <File BuildType="BUILD" Toolchain="">Generated_Source\PSoC5\CapSense_CSHL.c</File>
          <File BuildType="BUILD" Toolchain="">Generated_Source\PSoC5\CapSense_CSHL.h</File>
          <File BuildType="BUILD" Toolchain="">Generated_Source\PSoC5\CapSense_INT.c</File>
          <File BuildType="BUILD" Toolchain="">Generated_Source\PSoC5\CapSense_Pins.c</File>
          <File BuildType="BUILD" Toolchain="">Generated_Source\PSoC5\CapSense_Pins.h</File>
          <File BuildType="BUILD" Toolchain="">Generated_Source\PSoC5\CapSense_PM.c</File>
          <File BuildType="BUILD" Toolchain="">Generated_Source\PSoC5\CapSense_SMS_Wrapper.c</File>
          <File BuildType="BUILD" Toolchain="">Generated_Source\PSoC5\CapSense_TunerHelper.c</File>
          <File BuildType="BUILD" Toolchain="">Generated_Source\PSoC5\CapSense_TunerHelper.h</File>
          <File BuildType="BUILD" Toolchain="">Generated_Source\PSoC5\CapSense_CompCH0.c</File>
          <File BuildType="BUILD" Toolchain="">Generated_Source\PSoC5\CapSense_CompCH0.h</File>
          <File BuildType="BUILD" Toolchain="">Generated_Source\PSoC5\CapSense_CompCH0_PM.c</File>
          <File BuildType="BUILD" Toolchain="">Generated_Source\PSoC5\CapSense_IdacCH0.c</File>
          <File BuildType="BUILD" Toolchain="">Generated_Source\PSoC5\CapSense_IdacCH0.h</File>
          <File BuildType="BUILD" Toolchain="">Generated_Source\PSoC5\CapSense_IdacCH0_PM.c</File>
          <File BuildType="BUILD" Toolchain="">Generated_Source\PSoC5\CapSense_AMuxCH0.c</File>
          <File BuildType="BUILD" Toolchain="">Generated_Source\PSoC5\CapSense_AMuxCH0.h</File>
          <File BuildType="BUILD" Toolchain="">Generated_Source\PSoC5\CapSense_IntClock.c</File>
          <File BuildType="BUILD" Toolchain="">Generated_Source\PSoC5\CapSense_IntClock.h</File>
          <File BuildType="BUILD" Toolchain="">Generated_Source\PSoC5\cy_em_eeprom.c</File>
          <File BuildType="BUILD" Toolchain="">Generated_Source\PSoC5\cy_em_eeprom.h</File>
          <File BuildType="BUILD" Toolchain="ARM GCC Generic">Generated_Source\PSoC5\cm3gcc.ld</File>
          <File BuildType="BUILD" Toolchain="ARM MDK Generic">Generated_Source\PSoC5\Cm3RealView.scat</File>
          <File BuildType="BUILD" Toolchain="">Generated_Source\PSoC5\Cm3Start.c</File>
          <File BuildType="BUILD" Toolchain="">Generated_Source\PSoC5\core_cm3.h</File>
          <File BuildType="BUILD" Toolchain="">Generated_Source\PSoC5\core_cm3_psoc5.h</File>
          <File BuildType="BUILD" Toolchain="ARM GCC Generic">Generated_Source\PSoC5\CyBootAsmGnu.s</File>
          <File BuildType="BUILD" Toolchain="ARM MDK Generic">Generated_Source\PSoC5\CyBootAsmRv.s</File>
          <File BuildType="BUILD" Toolchain="">Generated_Source\PSoC5\CyDmac.c</File>
          <File BuildType="BUILD" Toolchain="">Generated_Source\PSoC5\CyDmac.h</File>
          <File BuildType="BUILD" Toolchain="">Generated_Source\PSoC5\CyFlash.c</File>
          <File BuildType="BUILD" Toolchain="">Generated_Source\PSoC5\CyFlash.h</File>
          <File BuildType="BUILD" Toolchain="">Generated_Source\PSoC5\CyLib.c</File>
          <File BuildType="BUILD" Toolchain="">Generated_Source\PSoC5\CyLib.h</File>
          <File BuildType="BUILD" Toolchain="">Generated_Source\PSoC5\cypins.h</File>
          <File BuildType="BUILD" Toolchain="">Generated_Source\PSoC5\cyPm.c</File>
          <File BuildType="BUILD" Toolchain="">Generated_Source\PSoC5\cyPm.h</File>
          <File BuildType="BUILD" Toolchain="">Generated_Source\PSoC5\CySpc.c</File>
          <File BuildType="BUILD" Toolchain="">Generated_Source\PSoC5\CySpc.h</File>
          <File BuildType="BUILD" Toolchain="">Generated_Source\PSoC5\cytypes.h</File>
          <File BuildType="BUILD" Toolchain="">Generated_Source\PSoC5\cyutils.c</File>
          <File BuildType="BUILD" Toolchain="">Generated_Source\PSoC5\core_cmFunc.h</File>
          <File BuildType="BUILD" Toolchain="">Generated_Source\PSoC5\core_cmInstr.h</File>
          <File BuildType="BUILD" Toolchain="ARM IAR Generic">Generated_Source\PSoC5\Cm3Iar.icf</File>
          <File BuildType="BUILD" Toolchain="ARM IAR Generic">Generated_Source\PSoC5\CyBootAsmIar.s</File>
          <File BuildType="BUILD" Toolchain="">Generated_Source\PSoC5\cmsis_armcc.h</File>
          <File BuildType="BUILD" Toolchain="">Generated_Source\PSoC5\cmsis_gcc.h</File>
          <File BuildType="BUILD" Toolchain="">Generated_Source\PSoC5\cmsis_compiler.h</File>
          <File BuildType="BUILD" Toolchain="">Generated_Source\PSoC5\project.h</File>
          <File BuildType="BUILD" Toolchain="">Generated_Source\PSoC5\cycodeshareimport.ld</File>
          <File BuildType="BUILD" Toolchain="">Generated_Source\PSoC5\cycodeshareexport.ld</File>
          <File BuildType="BUILD" Toolchain="">Generated_Source\PSoC5\cycodeshareimport.scat</File>
          <File BuildType="BUILD" Toolchain="">Generated_Source\PSoC5\AMux_1.c</File>
          <File BuildType="BUILD" Toolchain="">Generated_Source\PSoC5\AMux_1.h</File>
          <File BuildType="BUILD" Toolchain="">Generated_Source\PSoC5\ADC_1.c</File>
          <File BuildType="BUILD" Toolchain="">Generated_Source\PSoC5\ADC_1.h</File>
          <File BuildType="BUILD" Toolchain="">Generated_Source\PSoC5\ADC_1_PM.c</File>
          <File BuildType="BUILD" Toolchain="">Generated_Source\PSoC5\ADC_1_INT.c</File>
          <File BuildType="BUILD" Toolchain="">Generated_Source\PSoC5\ADC_1_Ext_CP_Clk.c</File>
          <File BuildType="BUILD" Toolchain="">Generated_Source\PSoC5\ADC_1_Ext_CP_Clk.h</File>
          <File BuildType="BUILD" Toolchain="">Generated_Source\PSoC5\ADC_1_Bypass_P03_aliases.h</File>
          <File BuildType="BUILD" Toolchain="">Generated_Source\PSoC5\ADC_1_Bypass_P03.c</File>
          <File BuildType="BUILD" Toolchain="">Generated_Source\PSoC5\ADC_1_Bypass_P03.h</File>
          <File BuildType="BUILD" Toolchain="">Generated_Source\PSoC5\ADC_1_IRQ.c</File>
          <File BuildType="BUILD" Toolchain="">Generated_Source\PSoC5\ADC_1_IRQ.h</File>
          <File BuildType="BUILD" Toolchain="">Generated_Source\PSoC5\ADC_1_theACLK.c</File>
          <File BuildType="BUILD" Toolchain="">Generated_Source\PSoC5\ADC_1_theACLK.h</File>
          <File BuildType="BUILD" Toolchain="">Generated_Source\PSoC5\MISO_1_aliases.h</File>
          <File BuildType="BUILD" Toolchain="">Generated_Source\PSoC5\MISO_1.c</File>
          <File BuildType="BUILD" Toolchain="">Generated_Source\PSoC5\MISO_1.h</File>
          <File BuildType="BUILD" Toolchain="">Generated_Source\PSoC5\MOSI_1_aliases.h</File>
          <File BuildType="BUILD" Toolchain="">Generated_Source\PSoC5\MOSI_1.c</File>
          <File BuildType="BUILD" Toolchain="">Generated_Source\PSoC5\MOSI_1.h</File>
          <File BuildType="BUILD" Toolchain="">Generated_Source\PSoC5\SCLK_1_aliases.h</File>
          <File BuildType="BUILD" Toolchain="">Generated_Source\PSoC5\SCLK_1.c</File>
          <File BuildType="BUILD" Toolchain="">Generated_Source\PSoC5\SCLK_1.h</File>
          <File BuildType="BUILD" Toolchain="">Generated_Source\PSoC5\MOSI_2_aliases.h</File>
          <File BuildType="BUILD" Toolchain="">Generated_Source\PSoC5\MOSI_2.c</File>
          <File BuildType="BUILD" Toolchain="">Generated_Source\PSoC5\MOSI_2.h</File>
          <File BuildType="BUILD" Toolchain="">Generated_Source\PSoC5\MISO_2_aliases.h</File>
          <File BuildType="BUILD" Toolchain="">Generated_Source\PSoC5\MISO_2.c</File>
          <File BuildType="BUILD" Toolchain="">Generated_Source\PSoC5\MISO_2.h</File>
          <File BuildType="BUILD" Toolchain="">Generated_Source\PSoC5\SPIM_1.c</File>
          <File BuildType="BUILD" Toolchain="">Generated_Source\PSoC5\SPIM_1.h</File>
          <File BuildType="BUILD" Toolchain="">Generated_Source\PSoC5\SPIM_1_PM.c</File>
          <File BuildType="BUILD" Toolchain="">Generated_Source\PSoC5\SPIM_1_INT.c</File>
          <File BuildType="BUILD" Toolchain="">Generated_Source\PSoC5\SPIM_1_PVT.h</File>
          <File BuildType="BUILD" Toolchain="">Generated_Source\PSoC5\SCLK_2_aliases.h</File>
          <File BuildType="BUILD" Toolchain="">Generated_Source\PSoC5\SCLK_2.c</File>
          <File BuildType="BUILD" Toolchain="">Generated_Source\PSoC5\SCLK_2.h</File>
          <File BuildType="BUILD" Toolchain="">Generated_Source\PSoC5\SPIM_2.c</File>
          <File BuildType="BUILD" Toolchain="">Generated_Source\PSoC5\SPIM_2.h</File>
          <File BuildType="BUILD" Toolchain="">Generated_Source\PSoC5\SPIM_2_PM.c</File>
          <File BuildType="BUILD" Toolchain="">Generated_Source\PSoC5\SPIM_2_INT.c</File>
          <File BuildType="BUILD" Toolchain="">Generated_Source\PSoC5\SPIM_2_PVT.h</File>
          <File BuildType="BUILD" Toolchain="">Generated_Source\PSoC5\SPIM_1_IntClock.c</File>
          <File BuildType="BUILD" Toolchain="">Generated_Source\PSoC5\SPIM_1_IntClock.h</File>
          <File BuildType="BUILD" Toolchain="">Generated_Source\PSoC5\SPIM_2_IntClock.c</File>
          <File BuildType="BUILD" Toolchain="">Generated_Source\PSoC5\SPIM_2_IntClock.h</File>
          <File BuildType="BUILD" Toolchain="">Generated_Source\PSoC5\SS_1_aliases.h</File>
          <File BuildType="BUILD" Toolchain="">Generated_Source\PSoC5\SS_1.c</File>
          <File BuildType="BUILD" Toolchain="">Generated_Source\PSoC5\SS_1.h</File>
          <File BuildType="BUILD" Toolchain="">Generated_Source\PSoC5\SS_2_aliases.h</File>
          <File BuildType="BUILD" Toolchain="">Generated_Source\PSoC5\SS_2.c</File>
          <File BuildType="BUILD" Toolchain="">Generated_Source\PSoC5\SS_2.h</File>
          <File BuildType="BUILD" Toolchain="">Generated_Source\PSoC5\I2C_1.c</File>
          <File BuildType="BUILD" Toolchain="">Generated_Source\PSoC5\I2C_1.h</File>
          <File BuildType="BUILD" Toolchain="">Generated_Source\PSoC5\I2C_1_BOOT.c</File>
          <File BuildType="BUILD" Toolchain="">Generated_Source\PSoC5\I2C_1_INT.c</File>
          <File BuildType="BUILD" Toolchain="">Generated_Source\PSoC5\I2C_1_PM.c</File>
          <File BuildType="BUILD" Toolchain="">Generated_Source\PSoC5\I2C_1_SLAVE.c</File>
          <File BuildType="BUILD" Toolchain="">Generated_Source\PSoC5\I2C_1_MASTER.c</File>
          <File BuildType="BUILD" Toolchain="">Generated_Source\PSoC5\I2C_1_PVT.h</File>
          <File BuildType="BUILD" Toolchain="">Generated_Source\PSoC5\SCL_1_aliases.h</File>
          <File BuildType="BUILD" Toolchain="">Generated_Source\PSoC5\SCL_1.c</File>
          <File BuildType="BUILD" Toolchain="">Generated_Source\PSoC5\SCL_1.h</File>
          <File BuildType="BUILD" Toolchain="">Generated_Source\PSoC5\SDA_1_aliases.h</File>
          <File BuildType="BUILD" Toolchain="">Generated_Source\PSoC5\SDA_1.c</File>
          <File BuildType="BUILD" Toolchain="">Generated_Source\PSoC5\SDA_1.h</File>
          <File BuildType="BUILD" Toolchain="">Generated_Source\PSoC5\up_aliases.h</File>
          <File BuildType="BUILD" Toolchain="">Generated_Source\PSoC5\up.c</File>
          <File BuildType="BUILD" Toolchain="">Generated_Source\PSoC5\up.h</File>
          <File BuildType="BUILD" Toolchain="">Generated_Source\PSoC5\down_aliases.h</File>
          <File BuildType="BUILD" Toolchain="">Generated_Source\PSoC5\down.c</File>
          <File BuildType="BUILD" Toolchain="">Generated_Source\PSoC5\down.h</File>
          <File BuildType="BUILD" Toolchain="">Generated_Source\PSoC5\edit_aliases.h</File>
          <File BuildType="BUILD" Toolchain="">Generated_Source\PSoC5\edit.c</File>
          <File BuildType="BUILD" Toolchain="">Generated_Source\PSoC5\edit.h</File>
          <File BuildType="BUILD" Toolchain="">Generated_Source\PSoC5\tune_aliases.h</File>
          <File BuildType="BUILD" Toolchain="">Generated_Source\PSoC5\tune.c</File>
          <File BuildType="BUILD" Toolchain="">Generated_Source\PSoC5\tune.h</File>
          <File BuildType="BUILD" Toolchain="">Generated_Source\PSoC5\ADC_SAR_Seq_1.c</File>
          <File BuildType="BUILD" Toolchain="">Generated_Source\PSoC5\ADC_SAR_Seq_1.h</File>
          <File BuildType="BUILD" Toolchain="">Generated_Source\PSoC5\ADC_SAR_Seq_1_PM.c</File>
          <File BuildType="BUILD" Toolchain="">Generated_Source\PSoC5\ADC_SAR_Seq_1_INT.c</File>
          <File BuildType="BUILD" Toolchain="">Generated_Source\PSoC5\ADC_SAR_Seq_1_SAR.c</File>
          <File BuildType="BUILD" Toolchain="">Generated_Source\PSoC5\ADC_SAR_Seq_1_SAR.h</File>
          <File BuildType="BUILD" Toolchain="">Generated_Source\PSoC5\ADC_SAR_Seq_1_SAR_INT.c</File>
          <File BuildType="BUILD" Toolchain="">Generated_Source\PSoC5\ADC_SAR_Seq_1_SAR_PM.c</File>
          <File BuildType="BUILD" Toolchain="">Generated_Source\PSoC5\ADC_SAR_Seq_1_IntClock.c</File>
          <File BuildType="BUILD" Toolchain="">Generated_Source\PSoC5\ADC_SAR_Seq_1_IntClock.h</File>
          <File BuildType="BUILD" Toolchain="">Generated_Source\PSoC5\ADC_SAR_Seq_1_TempBuf_dma.c</File>
          <File BuildType="BUILD" Toolchain="">Generated_Source\PSoC5\ADC_SAR_Seq_1_TempBuf_dma.h</File>
          <File BuildType="BUILD" Toolchain="">Generated_Source\PSoC5\ADC_SAR_Seq_1_FinalBuf_dma.c</File>
          <File BuildType="BUILD" Toolchain="">Generated_Source\PSoC5\ADC_SAR_Seq_1_FinalBuf_dma.h</File>
          <File BuildType="BUILD" Toolchain="">Generated_Source\PSoC5\ADC_SAR_Seq_1_IRQ.c</File>
          <File BuildType="BUILD" Toolchain="">Generated_Source\PSoC5\ADC_SAR_Seq_1_IRQ.h</File>
          <File BuildType="BUILD" Toolchain="">Generated_Source\PSoC5\joy_y_aliases.h</File>
          <File BuildType="BUILD" Toolchain="">Generated_Source\PSoC5\joy_y.c</File>
          <File BuildType="BUILD" Toolchain="">Generated_Source\PSoC5\joy_y.h</File>
          <File BuildType="BUILD" Toolchain="">Generated_Source\PSoC5\joy_x_aliases.h</File>
          <File BuildType="BUILD" Toolchain="">Generated_Source\PSoC5\joy_x.c</File>
          <File BuildType="BUILD" Toolchain="">Generated_Source\PSoC5\joy_x.h</File>
          <File BuildType="BUILD" Toolchain="">Generated_Source\PSoC5\ExtMUXS0_aliases.h</File>
          <File BuildType="BUILD" Toolchain="">Generated_Source\PSoC5\ExtMUXS0.c</File>
          <File BuildType="BUILD" Toolchain="">Generated_Source\PSoC5\ExtMUXS0.h</File>
          <File BuildType="BUILD" Toolchain="">Generated_Source\PSoC5\ExtMUX_EN_aliases.h</File>
          <File BuildType="BUILD" Toolchain="">Generated_Source\PSoC5\ExtMUX_EN.c</File>
          <File BuildType="BUILD" Toolchain="">Generated_Source\PSoC5\ExtMUX_EN.h</File>
          <File BuildType="BUILD" Toolchain="">Generated_Source\PSoC5\ExtMUXS1_aliases.h</File>
          <File BuildType="BUILD" Toolchain="">Generated_Source\PSoC5\ExtMUXS1.c</File>
          <File BuildType="BUILD" Toolchain="">Generated_Source\PSoC5\ExtMUXS1.h</File>
          <File BuildType="BUILD" Toolchain="">Generated_Source\PSoC5\Clock_1.c</File>
          <File BuildType="BUILD" Toolchain="">Generated_Source\PSoC5\Clock_1.h</File>
          <File BuildType="BUILD" Toolchain="">Generated_Source\PSoC5\Status_Reg_1.c</File>
          <File BuildType="BUILD" Toolchain="">Generated_Source\PSoC5\Status_Reg_1.h</File>
          <File BuildType="BUILD" Toolchain="">Generated_Source\PSoC5\DMA_1_RX_dma.c</File>
          <File BuildType="BUILD" Toolchain="">Generated_Source\PSoC5\DMA_1_RX_dma.h</File>
          <File BuildType="BUILD" Toolchain="">Generated_Source\PSoC5\DMA_1_TX_dma.c</File>
          <File BuildType="BUILD" Toolchain="">Generated_Source\PSoC5\DMA_1_TX_dma.h</File>
          <File BuildType="BUILD" Toolchain="">Generated_Source\PSoC5\USB.c</File>
          <File BuildType="BUILD" Toolchain="">Generated_Source\PSoC5\USB.h</File>
          <File BuildType="BUILD" Toolchain="">Generated_Source\PSoC5\USB_audio.c</File>
          <File BuildType="BUILD" Toolchain="">Generated_Source\PSoC5\USB_audio.h</File>
          <File BuildType="BUILD" Toolchain="">Generated_Source\PSoC5\USB_boot.c</File>
          <File BuildType="BUILD" Toolchain="">Generated_Source\PSoC5\USB_cdc.c</File>
          <File BuildType="BUILD" Toolchain="">Generated_Source\PSoC5\USB_cdc.h</File>
          <File BuildType="BUILD" Toolchain="">Generated_Source\PSoC5\USB_cls.c</File>
          <File BuildType="BUILD" Toolchain="">Generated_Source\PSoC5\USB_descr.c</File>
          <File BuildType="BUILD" Toolchain="">Generated_Source\PSoC5\USB_drv.c</File>
          <File BuildType="BUILD" Toolchain="">Generated_Source\PSoC5\USB_episr.c</File>
          <File BuildType="BUILD" Toolchain="">Generated_Source\PSoC5\USB_hid.c</File>
          <File BuildType="BUILD" Toolchain="">Generated_Source\PSoC5\USB_hid.h</File>
          <File BuildType="BUILD" Toolchain="">Generated_Source\PSoC5\USB_pm.c</File>
          <File BuildType="BUILD" Toolchain="">Generated_Source\PSoC5\USB_std.c</File>
          <File BuildType="BUILD" Toolchain="">Generated_Source\PSoC5\USB_vnd.c</File>
          <File BuildType="BUILD" Toolchain="">Generated_Source\PSoC5\USB_midi.c</File>
          <File BuildType="BUILD" Toolchain="">Generated_Source\PSoC5\USB_midi.h</File>
          <File BuildType="BUILD" Toolchain="">Generated_Source\PSoC5\USB_pvt.h</File>
          <File BuildType="BUILD" Toolchain="">Generated_Source\PSoC5\USB_cydmac.h</File>
          <File BuildType="BUILD" Toolchain="">Generated_Source\PSoC5\USB_msc.c</File>
          <File BuildType="BUILD" Toolchain="">Generated_Source\PSoC5\USB_msc.h</File>
          <File BuildType="BUILD" Toolchain="">Generated_Source\PSoC5\Sleep_isr.c</File>
          <File BuildType="BUILD" Toolchain="">Generated_Source\PSoC5\Sleep_isr.h</File>
          <File BuildType="BUILD" Toolchain="">Generated_Source\PSoC5\SleepTimer.c</File>
          <File BuildType="BUILD" Toolchain="">Generated_Source\PSoC5\SleepTimer.h</File>
          <File BuildType="BUILD" Toolchain="">Generated_Source\PSoC5\vBusPin_aliases.h</File>
          <File BuildType="BUILD" Toolchain="">Generated_Source\PSoC5\vBusPin.c</File>
          <File BuildType="BUILD" Toolchain="">Generated_Source\PSoC5\vBusPin.h</File>
          <File BuildType="BUILD" Toolchain="">Generated_Source\PSoC5\my_Vbus_ISR.c</File>
          <File BuildType="BUILD" Toolchain="">Generated_Source\PSoC5\my_Vbus_ISR.h</File>
          <File BuildType="BUILD" Toolchain="">Generated_Source\PSoC5\Em_EEPROM.c</File>
          <File BuildType="BUILD" Toolchain="">Generated_Source\PSoC5\Em_EEPROM.h</File>
          <File BuildType="BUILD" Toolchain="">Generated_Source\PSoC5\USB_Vbus_ps.c</File>
          <File BuildType="BUILD" Toolchain="">Generated_Source\PSoC5\USB_Vbus_ps.h</File>
          <File BuildType="BUILD" Toolchain="">Generated_Source\PSoC5\USB_Dm_aliases.h</File>
          <File BuildType="BUILD" Toolchain="">Generated_Source\PSoC5\USB_Dm.c</File>
          <File BuildType="BUILD" Toolchain="">Generated_Source\PSoC5\USB_Dm.h</File>
          <File BuildType="BUILD" Toolchain="">Generated_Source\PSoC5\USB_Dp_aliases.h</File>
          <File BuildType="BUILD" Toolchain="">Generated_Source\PSoC5\USB_Dp.c</File>
          <File BuildType="BUILD" Toolchain="">Generated_Source\PSoC5\USB_Dp.h</File>
          <File BuildType="BUILD" Toolchain="">Generated_Source\PSoC5\IDAC8_1.c</File>
          <File BuildType="BUILD" Toolchain="">Generated_Source\PSoC5\IDAC8_1.h</File>
          <File BuildType="BUILD" Toolchain="">Generated_Source\PSoC5\IDAC8_1_PM.c</File>
          <File BuildType="BUILD" Toolchain="">Generated_Source\PSoC5\CapSense_CompCH1.c</File>
          <File BuildType="BUILD" Toolchain="">Generated_Source\PSoC5\CapSense_CompCH1.h</File>
          <File BuildType="BUILD" Toolchain="">Generated_Source\PSoC5\CapSense_CompCH1_PM.c</File>
          <File BuildType="BUILD" Toolchain="">Generated_Source\PSoC5\CapSense_IdacCH1.c</File>
          <File BuildType="BUILD" Toolchain="">Generated_Source\PSoC5\CapSense_IdacCH1.h</File>
          <File BuildType="BUILD" Toolchain="">Generated_Source\PSoC5\CapSense_IdacCH1_PM.c</File>
          <File BuildType="BUILD" Toolchain="">Generated_Source\PSoC5\CapSense_AMuxCH1.c</File>
          <File BuildType="BUILD" Toolchain="">Generated_Source\PSoC5\CapSense_AMuxCH1.h</File>
          <File BuildType="BUILD" Toolchain="">Generated_Source\PSoC5\V_T_1_1_aliases.h</File>
          <File BuildType="BUILD" Toolchain="">Generated_Source\PSoC5\V_T_1_1.c</File>
          <File BuildType="BUILD" Toolchain="">Generated_Source\PSoC5\V_T_1_1.h</File>
          <File BuildType="BUILD" Toolchain="">Generated_Source\PSoC5\V_T_1_2_aliases.h</File>
          <File BuildType="BUILD" Toolchain="">Generated_Source\PSoC5\V_T_1_2.c</File>
          <File BuildType="BUILD" Toolchain="">Generated_Source\PSoC5\V_T_1_2.h</File>
          <File BuildType="BUILD" Toolchain="">Generated_Source\PSoC5\IDAC_OUT_aliases.h</File>
          <File BuildType="BUILD" Toolchain="">Generated_Source\PSoC5\IDAC_OUT.c</File>
          <File BuildType="BUILD" Toolchain="">Generated_Source\PSoC5\IDAC_OUT.h</File>
          <File BuildType="BUILD" Toolchain="">Generated_Source\PSoC5\blue_LED_aliases.h</File>
          <File BuildType="BUILD" Toolchain="">Generated_Source\PSoC5\blue_LED.c</File>
          <File BuildType="BUILD" Toolchain="">Generated_Source\PSoC5\blue_LED.h</File>
          <File BuildType="BUILD" Toolchain="">Generated_Source\PSoC5\V_H_aliases.h</File>
          <File BuildType="BUILD" Toolchain="">Generated_Source\PSoC5\V_H.c</File>
          <File BuildType="BUILD" Toolchain="">Generated_Source\PSoC5\V_H.h</File>
          <File BuildType="BUILD" Toolchain="">Generated_Source\PSoC5\fretted_latching_aliases.h</File>
          <File BuildType="BUILD" Toolchain="">Generated_Source\PSoC5\fretted_latching.c</File>
          <File BuildType="BUILD" Toolchain="">Generated_Source\PSoC5\fretted_latching.h</File>
          <File BuildType="BUILD" Toolchain="">Generated_Source\PSoC5\fretted_momentary_aliases.h</File>
          <File BuildType="BUILD" Toolchain="">Generated_Source\PSoC5\fretted_momentary.c</File>
          <File BuildType="BUILD" Toolchain="">Generated_Source\PSoC5\fretted_momentary.h</File>
          <File BuildType="BUILD" Toolchain="">Generated_Source\PSoC5\knob_2_aliases.h</File>
          <File BuildType="BUILD" Toolchain="">Generated_Source\PSoC5\knob_2.c</File>
          <File BuildType="BUILD" Toolchain="">Generated_Source\PSoC5\knob_2.h</File>
          <File BuildType="BUILD" Toolchain="">Generated_Source\PSoC5\knob_1_aliases.h</File>
          <File BuildType="BUILD" Toolchain="">Generated_Source\PSoC5\knob_1.c</File>
          <File BuildType="BUILD" Toolchain="">Generated_Source\PSoC5\knob_1.h</File>
          <File BuildType="BUILD" Toolchain="">Generated_Source\PSoC5\LED1_aliases.h</File>
          <File BuildType="BUILD" Toolchain="">Generated_Source\PSoC5\LED1.c</File>
          <File BuildType="BUILD" Toolchain="">Generated_Source\PSoC5\LED1.h</File>
          <File BuildType="BUILD" Toolchain="">Generated_Source\PSoC5\CV_pedal_sense_aliases.h</File>
          <File BuildType="BUILD" Toolchain="">Generated_Source\PSoC5\CV_pedal_sense.c</File>
          <File BuildType="BUILD" Toolchain="">Generated_Source\PSoC5\CV_pedal_sense.h</File>
          <File BuildType="BUILD" Toolchain="">Generated_Source\PSoC5\cv_pedal_aliases.h</File>
          <File BuildType="BUILD" Toolchain="">Generated_Source\PSoC5\cv_pedal.c</File>
          <File BuildType="BUILD" Toolchain="">Generated_Source\PSoC5\cv_pedal.h</File>
          <File BuildType="BUILD" Toolchain="">Generated_Source\PSoC5\DMA_2_RX_dma.c</File>
          <File BuildType="BUILD" Toolchain="">Generated_Source\PSoC5\DMA_2_RX_dma.h</File>
          <File BuildType="BUILD" Toolchain="">Generated_Source\PSoC5\DMA_2_TX_dma.c</File>
          <File BuildType="BUILD" Toolchain="">Generated_Source\PSoC5\DMA_2_TX_dma.h</File>
          <File BuildType="BUILD" Toolchain="">Generated_Source\PSoC5\USB_EP17_DMA_Done_SR.c</File>
          <File BuildType="BUILD" Toolchain="">Generated_Source\PSoC5\USB_EP17_DMA_Done_SR.h</File>
          <File BuildType="BUILD" Toolchain="">Generated_Source\PSoC5\USB_ep2_dma.c</File>
          <File BuildType="BUILD" Toolchain="">Generated_Source\PSoC5\USB_ep2_dma.h</File>
          <File BuildType="BUILD" Toolchain="">Generated_Source\PSoC5\USB_ep1_dma.c</File>
          <File BuildType="BUILD" Toolchain="">Generated_Source\PSoC5\USB_ep1_dma.h</File>
          <File BuildType="BUILD" Toolchain="">Generated_Source\PSoC5\USB_EP_DMA_Done_isr.c</File>
          <File BuildType="BUILD" Toolchain="">Generated_Source\PSoC5\USB_EP_DMA_Done_isr.h</File>
          <File BuildType="BUILD" Toolchain="">Generated_Source\PSoC5\USB_EP8_DMA_Done_SR.c</File>
          <File BuildType="BUILD" Toolchain="">Generated_Source\PSoC5\USB_EP8_DMA_Done_SR.h</File>
        </Files>
      </Folder>
      <Folder BuildType="STRICT" Path="C:\Users\JeffSnyder\Documents\PSOC5_electrobass_stringsensors\CE210514_PSOC3_5_Thermistor.cydsn\Export\ARM_GCC_Generic\CapSense_CSD_v3_50">
        <Files Root="C:\Users\JeffSnyder\Documents\PSOC5_electrobass_stringsensors\CE210514_PSOC3_5_Thermistor.cydsn">
          <File BuildType="BUILD" Toolchain="ARM GCC Generic">.\Export\ARM_GCC_Generic\CapSense_CSD_v3_50\CapSenseLibrary_GCC.a</File>
        </Files>
      </Folder>
      <Folder BuildType="STRICT" Path="C:\Users\JeffSnyder\Documents\PSOC5_electrobass_stringsensors\CE210514_PSOC3_5_Thermistor.cydsn\Export\ARM_GCC_Generic">
        <Files Root="C:\Users\JeffSnyder\Documents\PSOC5_electrobass_stringsensors\CE210514_PSOC3_5_Thermistor.cydsn">
          <File BuildType="BUILD" Toolchain="ARM GCC Generic">.\Export\ARM_GCC_Generic\CyComponentLibrary.a</File>
        </Files>
      </Folder>
      <Folder BuildType="STRICT" Path="C:\Users\JeffSnyder\Documents\PSOC5_electrobass_stringsensors\CE210514_PSOC3_5_Thermistor.cydsn\Export\ARM_MDK_Generic\CapSense_CSD_v3_50">
        <Files Root="C:\Users\JeffSnyder\Documents\PSOC5_electrobass_stringsensors\CE210514_PSOC3_5_Thermistor.cydsn">
          <File BuildType="BUILD" Toolchain="ARM MDK Generic">.\Export\ARM_MDK_Generic\CapSense_CSD_v3_50\CapSenseLibrary_MDK.a</File>
        </Files>
      </Folder>
      <Folder BuildType="STRICT" Path="C:\Users\JeffSnyder\Documents\PSOC5_electrobass_stringsensors\CE210514_PSOC3_5_Thermistor.cydsn\Export\ARM_MDK_Generic">
        <Files Root="C:\Users\JeffSnyder\Documents\PSOC5_electrobass_stringsensors\CE210514_PSOC3_5_Thermistor.cydsn">
          <File BuildType="BUILD" Toolchain="ARM MDK Generic">.\Export\ARM_MDK_Generic\CyComponentLibrary.a</File>
        </Files>
      </Folder>
      <Folder BuildType="STRICT" Path="C:\Users\JeffSnyder\Documents\PSOC5_electrobass_stringsensors\CE210514_PSOC3_5_Thermistor.cydsn\Export\ARM_IAR_Generic\CapSense_CSD_v3_50">
        <Files Root="C:\Users\JeffSnyder\Documents\PSOC5_electrobass_stringsensors\CE210514_PSOC3_5_Thermistor.cydsn">
          <File BuildType="BUILD" Toolchain="ARM IAR Generic">.\Export\ARM_IAR_Generic\CapSense_CSD_v3_50\CapSenseLibrary_IAR.a</File>
        </Files>
      </Folder>
      <Folder BuildType="STRICT" Path="C:\Users\JeffSnyder\Documents\PSOC5_electrobass_stringsensors\CE210514_PSOC3_5_Thermistor.cydsn\Export\ARM_IAR_Generic">
        <Files Root="C:\Users\JeffSnyder\Documents\PSOC5_electrobass_stringsensors\CE210514_PSOC3_5_Thermistor.cydsn">
          <File BuildType="BUILD" Toolchain="ARM IAR Generic">.\Export\ARM_IAR_Generic\CyComponentLibrary.a</File>
        </Files>
      </Folder>
      <Folder BuildType="EXCLUDE" Path=".\codegentemp">
        <Files Root="C:\Users\JeffSnyder\Documents\PSOC5_electrobass_stringsensors\CE210514_PSOC3_5_Thermistor.cydsn" />
      </Folder>
      <Folder BuildType="EXCLUDE" Path=".\ARM_GCC_441">
        <Files Root="C:\Users\JeffSnyder\Documents\PSOC5_electrobass_stringsensors\CE210514_PSOC3_5_Thermistor.cydsn" />
      </Folder>
      <Folder BuildType="EXCLUDE" Path=".\ARM_GCC_473">
        <Files Root="C:\Users\JeffSnyder\Documents\PSOC5_electrobass_stringsensors\CE210514_PSOC3_5_Thermistor.cydsn" />
      </Folder>
      <Folder BuildType="EXCLUDE" Path=".\DP8051_Keil_952">
        <Files Root="C:\Users\JeffSnyder\Documents\PSOC5_electrobass_stringsensors\CE210514_PSOC3_5_Thermistor.cydsn" />
      </Folder>
      <Folder BuildType="EXCLUDE" Path=".\DP8051">
        <Files Root="C:\Users\JeffSnyder\Documents\PSOC5_electrobass_stringsensors\CE210514_PSOC3_5_Thermistor.cydsn" />
      </Folder>
      <Folder BuildType="EXCLUDE" Path=".\CortexM0">
        <Files Root="C:\Users\JeffSnyder\Documents\PSOC5_electrobass_stringsensors\CE210514_PSOC3_5_Thermistor.cydsn" />
      </Folder>
      <Folder BuildType="EXCLUDE" Path=".\CortexM0p">
        <Files Root="C:\Users\JeffSnyder\Documents\PSOC5_electrobass_stringsensors\CE210514_PSOC3_5_Thermistor.cydsn" />
      </Folder>
      <Folder BuildType="EXCLUDE" Path=".\CortexM3">
        <Files Root="C:\Users\JeffSnyder\Documents\PSOC5_electrobass_stringsensors\CE210514_PSOC3_5_Thermistor.cydsn" />
      </Folder>
      <Folder BuildType="EXCLUDE" Path=".\CortexM4">
        <Files Root="C:\Users\JeffSnyder\Documents\PSOC5_electrobass_stringsensors\CE210514_PSOC3_5_Thermistor.cydsn" />
      </Folder>
      <Folder BuildType="EXCLUDE" Path=".\CortexM7">
        <Files Root="C:\Users\JeffSnyder\Documents\PSOC5_electrobass_stringsensors\CE210514_PSOC3_5_Thermistor.cydsn" />
      </Folder>
    </Folders>
  </Project>
</PSoCCreatorIdeExport>